{
	"code":0,
	"message": "请求",
	"total":1000,
	"result": [
		{
			"id": "1001",
			"name": "策略1号，讲解讲解军军军军军军军军军军军军军军军军军军军军军军军军军鸡蛋防范",
			"time": "2017-4-12"
		},
		{
			"id": "1002",
			"name": "策略2号放大的多多多多多多多多多多多多奋斗奋斗",
			"time": "2017-4-12"
		},
		{
			"id": "1003",
			"name": "策略3号",
			"time": "2017-4-12"
		},
		{
			"id": "1004",
			"name": "策略4号",
			"time": "2017-4-12"
		},
		{
			"id": "1001",
			"name": "策略5号",
			"time": "2017-4-12"
		},
		{
			"id": "1002",
			"name": "策略6号",
			"time": "2017-4-12"
		},
		{
			"id": "1003",
			"name": "策略7号",
			"time": "2017-4-12"
		},
		{
			"id": "1004",
			"name": "策略8号",
			"time": "2017-4-12"
		},
		{
			"id": "1001",
			"name": "策略9号",
			"time": "2017-4-12"
		},
		{
			"id": "1002",
			"name": "策略10号",
			"time": "2017-4-12"
		},
		{
			"id": "1003",
			"name": "策略11号",
			"time": "2017-4-12"
		},
		{
			"id": "1004",
			"name": "策略12号",
			"time": "2017-4-12"
		},
		{
			"id": "1001",
			"name": "策略13号",
			"time": "2017-4-12"
		},
		{
			"id": "1002",
			"name": "策略14号",
			"time": "2017-4-12"
		},
		{
			"id": "1003",
			"name": "策略15号",
			"time": "2017-4-12"
		},
		{
			"id": "1004",
			"name": "策略16号",
			"time": "2017-4-12"
		},
		{
			"id": "1001",
			"name": "策略17号",
			"time": "2017-4-12"
		},
		{
			"id": "1002",
			"name": "策略18号",
			"time": "2017-4-12"
		},
		{
			"id": "1003",
			"name": "策略19号",
			"time": "2017-4-12"
		},
		{
			"id": "1004",
			"name": "策略20号",
			"time": "2017-4-12"
		},
		{
			"id": "1002",
			"name": "策略21号",
			"time": "2017-4-12"
		},
		{
			"id": "1003",
			"name": "策略22号",
			"time": "2017-4-12"
		},
		{
			"id": "1004",
			"name": "策略23号",
			"time": "2017-4-12"
		}
	]
}
