{
	"code": 201,
    "status":"加载数据成功",
    "totalNum":1000,
    "datas":[
		     {"id":1, "name": "节点1号", "ip": "10.02.135","port":"8080","status":1},
		     {"id":2, "name": "节点2号", "ip": "10.02.135","port":"2050","status":1},
		     {"id":3, "name": "节点1号", "ip": "10.02.135","port":"8080","status":1},
		     {"id":4, "name": "节点2号", "ip": "10.02.135","port":"2050","status":0},
		     {"id":5, "name": "节点1号", "ip": "10.02.135","port":"8080","status":0},
		     {"id":6, "name": "节点2号", "ip": "10.02.135","port":"2050","status":1},
		     {"id":7, "name": "节点1号", "ip": "10.02.135","port":"8080","status":0},
		     {"id":5, "name": "节点1号", "ip": "10.02.135","port":"8080","status":0},
             {"id":1, "name": "节点1号", "ip": "10.02.135","port":"8080","status":1}
		    
	     ]
}