{
    "data":{
        "node":[
            {
                "listId":1,
                "projectName":"中行",
                "projectVersion":"0.1.2.0"
            },
            {
                "listId":2,
                "projectName":"公司",
                "projectVersion":"1.1.2.0"
            },
            {
                "listId":3,
                "projectName":"学校",
                "projectVersion":"2.1.1.0"
            },
            {
                "listId":4,
                "projectName":"家",
                "projectVersion":"3.1.2.0"
            },
            {
                "listId":5,
                "projectName":"朋友",
                "projectVersion":"4.1.2.0"
            },
            {
                "listId":6,
                "projectName":"啦啦啦",
                "projectVersion":"5.1.2.0"
            },
            {
                "listId":7,
                "projectName":"哈哈哈",
                "projectVersion":"6.1.2.0"
            },
            {
                "listId":8,
                "projectName":"嘻嘻嘻",
                "projectVersion":"7.1.2.0"
            }
        ]
    }
}