{
    "total": 23,
    "message": "ERRORCODE.0",
    "result": [
        {
            "message": "成功",
            "execMode": "远程执行",
            "input": 0,
            "starttime": "2017-05-28 00:15:40",
            "error": 0,
            "status": "成功",
            "speed": "0条/每秒",
            "name": "ggfdfdfdddddddddddddddddddddvvdfdfdfdddddddddddd",
            "strategy": "2.88执行",
            "execNode": "slave-8090@10.0.2.88:8090",
            "stoptime": "2017-05-28 00:15:48",
            "output": 0
        },
        {
            "message": "成功",
            "execMode": "远程执行",
            "input": 0,
            "starttime": "2017-05-28 00:22:21",
            "error": 0,
            "status": "成功",
            "speed": "0条/每秒",
            "name": "gg",
            "strategy": "2.88执行",
            "execNode": "slave-8090@10.0.2.88:8090",
            "stoptime": "2017-05-28 00:22:56",
            "output": 0
        },
        {
            "message": "成功",
            "execMode": "远程执行",
            "input": 0,
            "starttime": "2017-05-28 00:42:23",
            "error": 0,
            "status": "成功",
            "speed": "0条/每秒",
            "name": "gg",
            "strategy": "2.88执行",
            "execNode": "slave-8090@10.0.2.88:8090",
            "stoptime": "2017-05-28 00:42:45",
            "output": 0
        },
        {
            "message": "成功",
            "execMode": "远程执行",
            "input": 0,
            "starttime": "2017-05-28 21:24:41",
            "error": 0,
            "status": "成功",
            "speed": "0条/每秒",
            "name": "gg",
            "strategy": "2.88执行",
            "execNode": "slave-8090@10.0.2.88:8090",
            "stoptime": "2017-05-28 21:24:44",
            "output": 0
        },
        {
            "message": "成功",
            "execMode": "远程执行",
            "input": 0,
            "starttime": "2017-05-28 23:44:23",
            "error": 0,
            "status": "成功",
            "speed": "0条/每秒",
            "name": "gg",
            "strategy": "2.88执行",
            "execNode": "slave-8090@10.0.2.88:8090",
            "stoptime": "2017-05-28 23:44:29",
            "output": 0
        },
        {
            "message": "成功",
            "execMode": "远程执行",
            "input": 0,
            "starttime": "2017-05-29 09:34:15",
            "error": 0,
            "status": "成功",
            "speed": "0条/每秒",
            "name": "gg",
            "strategy": "2.88执行",
            "execNode": "slave-8090@10.0.2.88:8090",
            "stoptime": "2017-05-29 09:34:27",
            "output": 0
        },
        {
            "message": "成功",
            "execMode": "远程执行",
            "input": 0,
            "starttime": "2017-05-29 09:35:01",
            "error": 0,
            "status": "成功",
            "speed": "0条/每秒",
            "name": "gg",
            "strategy": "2.88执行",
            "execNode": "slave-8090@10.0.2.88:8090",
            "stoptime": "2017-05-29 09:35:11",
            "output": 0
        },
        {
            "message": "成功",
            "execMode": "远程执行",
            "input": 0,
            "starttime": "2017-05-29 09:35:24",
            "error": 0,
            "status": "成功",
            "speed": "0条/每秒",
            "name": "gg",
            "strategy": "2.88执行",
            "execNode": "slave-8090@10.0.2.88:8090",
            "stoptime": "2017-05-29 09:37:19",
            "output": 0
        },
        {
            "message": "成功",
            "execMode": "远程执行",
            "input": 0,
            "starttime": "2017-05-29 10:07:09",
            "error": 0,
            "status": "成功",
            "speed": "0条/每秒",
            "name": "gg",
            "strategy": "2.88执行",
            "execNode": "slave-8090@10.0.2.88:8090",
            "stoptime": "2017-05-29 10:07:11",
            "output": 0
        },
        {
            "message": "成功",
            "execMode": "远程执行",
            "input": 0,
            "starttime": "2017-05-29 10:18:25",
            "error": 0,
            "status": "成功",
            "speed": "0条/每秒",
            "name": "gg",
            "strategy": "2.88执行",
            "execNode": "slave-8090@10.0.2.88:8090",
            "stoptime": "2017-05-29 10:18:29",
            "output": 0
        },
        {
            "message": "成功",
            "execMode": "远程执行",
            "input": 0,
            "starttime": "2017-05-29 10:26:57",
            "error": 0,
            "status": "成功",
            "speed": "0条/每秒",
            "name": "gg",
            "strategy": "2.88执行",
            "execNode": "slave-8090@10.0.2.88:8090",
            "stoptime": "2017-05-29 10:26:58",
            "output": 0
        },
        {
            "message": "成功",
            "execMode": "远程执行",
            "input": 0,
            "starttime": "2017-05-29 10:29:22",
            "error": 0,
            "status": "成功",
            "speed": "0条/每秒",
            "name": "gg",
            "strategy": "2.88执行",
            "execNode": "slave-8090@10.0.2.88:8090",
            "stoptime": "2017-05-29 10:29:59",
            "output": 0
        },
        {
            "message": "成功",
            "execMode": "远程执行",
            "input": 0,
            "starttime": "2017-05-29 16:14:20",
            "error": 0,
            "status": "成功",
            "speed": "0条/每秒",
            "name": "gg",
            "strategy": "2.88执行",
            "execNode": "slave-8090@10.0.2.88:8090",
            "stoptime": "2017-05-29 16:14:23",
            "output": 0
        },
        {
            "message": "成功",
            "execMode": "远程执行",
            "input": 0,
            "starttime": "2017-05-29 16:37:58",
            "error": 0,
            "status": "成功",
            "speed": "0条/每秒",
            "name": "gg",
            "strategy": "2.88执行",
            "execNode": "slave-8090@10.0.2.88:8090",
            "stoptime": "2017-05-29 16:41:00",
            "output": 0
        },
        {
            "message": "成功",
            "execMode": "远程执行",
            "input": 12,
            "starttime": "2017-05-29 16:43:05",
            "error": 0,
            "status": "成功",
            "speed": "2条/每秒",
            "name": "gg",
            "strategy": "2.88执行",
            "execNode": "slave-8090@10.0.2.88:8090",
            "stoptime": "2017-05-29 16:43:07",
            "output": 4
        },
        {
            "message": "成功",
            "execMode": "远程执行",
            "input": 12,
            "starttime": "2017-05-29 16:44:21",
            "error": 0,
            "status": "成功",
            "speed": "0条/每秒",
            "name": "gg",
            "strategy": "2.88执行",
            "execNode": "slave-8090@10.0.2.88:8090",
            "stoptime": "2017-05-29 16:45:26",
            "output": 4
        },
        {
            "message": "成功",
            "execMode": "远程执行",
            "input": 0,
            "starttime": "2017-05-29 17:01:17",
            "error": 0,
            "status": "成功",
            "speed": "0条/每秒",
            "name": "gg",
            "strategy": "2.88执行",
            "execNode": "slave-8090@10.0.2.88:8090",
            "stoptime": "2017-05-29 17:01:19",
            "output": 0
        },
        {
            "message": "成功",
            "execMode": "远程执行",
            "input": 12,
            "starttime": "2017-05-29 17:02:20",
            "error": 0,
            "status": "成功",
            "speed": "4条/每秒",
            "name": "gg",
            "strategy": "2.88执行",
            "execNode": "slave-8090@10.0.2.88:8090",
            "stoptime": "2017-05-29 17:02:22",
            "output": 4
        },
        {
            "message": "成功",
            "execMode": "远程执行",
            "input": 0,
            "starttime": "2017-05-29 17:11:29",
            "error": 0,
            "status": "成功",
            "speed": "0条/每秒",
            "name": "gg",
            "strategy": "2.88执行",
            "execNode": "slave-8090@10.0.2.88:8090",
            "stoptime": "2017-05-29 17:11:31",
            "output": 0
        },
        {
            "message": "成功",
            "execMode": "远程执行",
            "input": 0,
            "starttime": "2017-05-29 17:58:26",
            "error": 0,
            "status": "成功",
            "speed": "0条/每秒",
            "name": "gg",
            "strategy": "2.88执行",
            "execNode": "slave-8090@10.0.2.88:8090",
            "stoptime": "2017-05-29 17:58:30",
            "output": 0
        }
    ],
    "code": 0
}