{
    "message": "刷新成功",
    "data": {
        "month": {
            "series": [
                {
                    "name": "执行成功",
                    "data": [
                        "-",
                        "-",
                        "-",
                        "-",
                        "-",
                        "-",
                        "-",
                        "-",
                        "-",
                        "-",
                        "-",
                        "-",
                        "-",
                        "-",
                        "-",
                        "-",
                        "-",
                        "-",
                        "-",
                        "-",
                        "-",
                        "-",
                        "-",
                        "-",
                        "1",
                        "1",
                        "1",
                        "0",
                        "-",
                        "0"
                    ]
                },
                {
                    "name": "执行失败",
                    "data": [
                        "-",
                        "-",
                        "-",
                        "-",
                        "-",
                        "-",
                        "-",
                        "-",
                        "-",
                        "-",
                        "-",
                        "-",
                        "-",
                        "-",
                        "-",
                        "-",
                        "-",
                        "-",
                        "-",
                        "-",
                        "-",
                        "-",
                        "-",
                        "-",
                        "0",
                        "0",
                        "0",
                        "1",
                        "-",
                        "1"
                    ]
                }
            ],
            "title": "2017-04-16到2017-05-15的执行情况",
            "legend": [
                "执行成功",
                "执行失败"
            ],
            "xAxis": [
                "2017-04-16",
                "2017-04-17",
                "2017-04-18",
                "2017-04-19",
                "2017-04-20",
                "2017-04-21",
                "2017-04-22",
                "2017-04-23",
                "2017-04-24",
                "2017-04-25",
                "2017-04-26",
                "2017-04-27",
                "2017-04-28",
                "2017-04-29",
                "2017-04-30",
                "2017-05-01",
                "2017-05-02",
                "2017-05-03",
                "2017-05-04",
                "2017-05-05",
                "2017-05-06",
                "2017-05-07",
                "2017-05-08",
                "2017-05-09",
                "2017-05-10",
                "2017-05-11",
                "2017-05-12",
                "2017-05-13",
                "2017-05-14",
                "2017-05-15"
            ]
        },
        "hour": {
            "series": [
                {
                    "name": "执行成功",
                    "data": [
                        "-",
                        "-",
                        "-",
                        "-",
                        "-",
                        "-",
                        "-",
                        "-",
                        "-",
                        "-",
                        "-",
                        "-",
                        "-",
                        "-",
                        "-",
                        "-",
                        "-",
                        "-",
                        "-",
                        "-",
                        "-",
                        "-",
                        "1",
                        "-"
                    ]
                },
                {
                    "name": "执行失败",
                    "data": [
                        "-",
                        "-",
                        "-",
                        "-",
                        "-",
                        "-",
                        "-",
                        "-",
                        "-",
                        "-",
                        "-",
                        "-",
                        "-",
                        "-",
                        "-",
                        "-",
                        "-",
                        "-",
                        "-",
                        "-",
                        "-",
                        "-",
                        "0",
                        "-"
                    ]
                }
            ],
            "title": "2017-05-15 17到2017-05-16 16的执行情况",
            "legend": [
                "执行成功",
                "执行失败"
            ],
            "xAxis": [
                "2017-05-15 17",
                "2017-05-15 18",
                "2017-05-15 19",
                "2017-05-15 20",
                "2017-05-15 21",
                "2017-05-15 22",
                "2017-05-15 23",
                "2017-05-16 00",
                "2017-05-16 01",
                "2017-05-16 02",
                "2017-05-16 03",
                "2017-05-16 04",
                "2017-05-16 05",
                "2017-05-16 06",
                "2017-05-16 07",
                "2017-05-16 08",
                "2017-05-16 09",
                "2017-05-16 10",
                "2017-05-16 11",
                "2017-05-16 12",
                "2017-05-16 13",
                "2017-05-16 14",
                "2017-05-16 15",
                "2017-05-16 16"
            ]
        },
        "week": {
            "series": [
                {
                    "name": "执行成功",
                    "data": [
                        "-",
                        "1",
                        "1",
                        "1",
                        "0",
                        "-",
                        "0"
                    ]
                },
                {
                    "name": "执行失败",
                    "data": [
                        "-",
                        "0",
                        "0",
                        "0",
                        "1",
                        "-",
                        "1"
                    ]
                }
            ],
            "title": "2017-05-09到2017-05-15的执行情况",
            "legend": [
                "执行成功",
                "执行失败"
            ],
            "xAxis": [
                "2017-05-09",
                "2017-05-10",
                "2017-05-11",
                "2017-05-12",
                "2017-05-13",
                "2017-05-14",
                "2017-05-15"
            ]
        }
    },
    "code": 200
}