{
  "code":200,
  "message":"刷新成功",
  "month":{
        "title": "2017-04-01 至 2017-04-30的执行情况",
        "legend":["执行成功数","执行失败数"],
        "xAxis":["2017-04-01","2017-04-02","2017-04-03","2017-04-04","2017-04-05","2017-04-06","2017-04-07","2017-04-08","2017-04-09","2017-04-10","2017-04-11","2017-04-12","2017-04-13","2017-04-14","2017-04-01","2017-04-02","2017-04-03","2017-04-04","2017-04-05","2017-04-06","2017-04-07","2017-04-08","2017-04-09","2017-04-10","2017-04-11","2017-04-12","2017-04-13","2017-04-14","2017-04-15","2017-05-21","2017-06-32"],
        "series":[
            {
                "name":"执行成功数",
                "data":[20,2,5,7,8,2,11,3,4,12,11,10,9,12,1,2,1,0,5,8,0,20,11,5,7,8,2,11,22,44,11]
            },
            {
                "name":"执行失败数",
                "data":[1,2,1,0,5,8,0,20,11,5,7,8,2,11,20,2,5,7,8,2,11,3,4,12,11,10,9,12,7,8,2]
            }
        ]
  },
  "week":
  {
     "title": "2017-04-01 至 2017-04-07的执行情况",
     "legend":["执行成功数","执行失败数"],
     "xAxis":["2017-04-01","2017-04-02","2017-4-03","2017-4-04","2017-4-05","2017-4-06","2017-4-07"],
     "series":[
            {
                "name":"执行成功数",
                "data":[3,4,12,11,10,9,12]
            },
            {
                "name":"执行失败数",
                "data":[0,1,1,0,1,0,0]
            }
        ]
  },
  "hour":
  {
      "title": "2017-04-02的执行情况",
      "legend":["执行成功数","执行失败数"],
      "xAxis":["2017-04-02 00","2017-04-02 01","2017-4-02 02","2017-4-02 03","2017-4-02 04","2017-4-02 05","2017-4-02 06","2017-04-02 23","2017-04-02 00","2017-04-02 01","2017-4-02 02","2017-4-02 03","2017-4-02 04","2017-4-02 05","2017-4-02 06","2017-04-02 23","2017-04-02 00","2017-04-02 01","2017-4-02 02","2017-4-02 03","2017-4-02 04","2017-4-02 05","2017-4-02 06","2017-04-02 23","2017-04-02 24"],
      "series":[
            {
                "name":"执行成功数",
                "data":[3,4,12,11,10,9,12,11,3,4,12,11,10,9,12,11,3,4,12,11,10,9,12,11,20]
            },
            {
                "name":"执行失败数",
                "data":[0,1,1,0,1,0,0,0,3,4,12,11,10,9,12,11,3,4,12,11,10,9,12,11,13]
            }
        ]
  }
 }
